Engineering strain,Tensile stress (GPa),sample
0.0,-0.7535850604872733,W1_joint_300K
0.000749999999999878,-0.716590514098678,W1_joint_300K
0.00150000000000009,-0.6709023109842444,W1_joint_300K
0.00224999999999997,-0.5833177628687234,W1_joint_300K
0.00299999999999985,-0.5180769656167162,W1_joint_300K
0.00375000000000006,-0.4439188966417419,W1_joint_300K
0.00449999999999994,-0.3484070305753766,W1_joint_300K
0.00525000000000015,-0.2462184877938572,W1_joint_300K
0.00600000000000003,-0.10191716690002564,W1_joint_300K
0.00674999999999991,0.051531195844458574,W1_joint_300K
0.00750000000000012,0.2039296707934808,W1_joint_300K
0.00825,0.35535454098925723,W1_joint_300K
0.00899999999999987,0.5071313563120974,W1_joint_300K
0.00975000000000008,0.626962160925702,W1_joint_300K
0.0105,0.7897752851289785,W1_joint_300K
0.0112499999999998,0.9115799295620267,W1_joint_300K
0.0120000000000001,1.0503256552483293,W1_joint_300K
0.0127499999999999,1.1895339565110097,W1_joint_300K
0.0135000000000001,1.330783082371118,W1_joint_300K
0.01425,1.442568930160788,W1_joint_300K
0.0149999999999999,1.579656705766738,W1_joint_300K
0.0157500000000001,1.723014324455108,W1_joint_300K
0.0165,1.848547212911604,W1_joint_300K
0.0172499999999999,1.97393008203391,W1_joint_300K
0.0180000000000001,2.100078949505496,W1_joint_300K
0.01875,2.2189746745749637,W1_joint_300K
0.0194999999999998,2.335976336111808,W1_joint_300K
0.02025,2.450797239273284,W1_joint_300K
0.0209999999999999,2.57975829114,W1_joint_300K
0.0217500000000001,2.702722438660524,W1_joint_300K
0.0225,2.824829664147852,W1_joint_300K
0.0232499999999999,2.949205273603696,W1_joint_300K
0.0240000000000001,3.084840511934744,W1_joint_300K
0.02475,3.2031569423693727,W1_joint_300K
0.0254999999999999,3.3437489846144843,W1_joint_300K
0.0262500000000001,3.470182353631936,W1_joint_300K
0.027,3.5891705021926157,W1_joint_300K
0.02775,3.718419160306604,W1_joint_300K
0.0285,3.8419275601875342,W1_joint_300K
0.0292499999999999,3.9389124254440437,W1_joint_300K
0.0300000000000001,4.059040877183894,W1_joint_300K
0.03075,4.185519057505464,W1_joint_300K
0.0314999999999999,4.286531610823835,W1_joint_300K
0.0322500000000001,4.406716434839006,W1_joint_300K
0.033,4.536840955630604,W1_joint_300K
0.0337499999999999,4.659053841804513,W1_joint_300K
0.0345000000000001,4.759927449914652,W1_joint_300K
0.0352499999999999,4.868565332715124,W1_joint_300K
0.036,4.982057343369663,W1_joint_300K
0.03675,5.091338960585816,W1_joint_300K
0.0374999999999999,5.204938622678614,W1_joint_300K
0.0382500000000001,5.33294885546008,W1_joint_300K
0.039,5.439868057853504,W1_joint_300K
0.0397499999999999,5.55377669820315,W1_joint_300K
0.0405000000000001,5.652774048495012,W1_joint_300K
0.04125,5.762742125257968,W1_joint_300K
0.0419999999999999,5.860521457522912,W1_joint_300K
0.0427500000000001,5.981020734669068,W1_joint_300K
0.0434999999999999,6.090779157127052,W1_joint_300K
0.0442500000000002,6.205164789858042,W1_joint_300K
0.045,6.320444966799544,W1_joint_300K
0.0457499999999999,6.427663873593095,W1_joint_300K
0.0465000000000001,6.547027043752412,W1_joint_300K
0.04725,6.659556323402808,W1_joint_300K
0.0479999999999999,6.77464166307127,W1_joint_300K
0.0487500000000001,6.88925810061328,W1_joint_300K
0.0495,6.9944806283385885,W1_joint_300K
0.0502499999999999,7.107644855573295,W1_joint_300K
0.0510000000000001,7.215139615018994,W1_joint_300K
0.0517499999999999,7.335253865603538,W1_joint_300K
0.0525000000000002,7.432236056917532,W1_joint_300K
0.05325,7.556958207614748,W1_joint_300K
0.0539999999999999,7.645932898906809,W1_joint_300K
0.0547500000000001,7.763543076532943,W1_joint_300K
0.0555,7.856907502271208,W1_joint_300K
0.0562499999999999,7.966964642243889,W1_joint_300K
0.0570000000000001,8.063765211329962,W1_joint_300K
0.05775,8.177447567890841,W1_joint_300K
0.0584999999999998,8.278438920479493,W1_joint_300K
0.0592500000000001,8.396721624608286,W1_joint_300K
0.0599999999999999,8.499910978788034,W1_joint_300K
0.0607500000000002,8.612968597653209,W1_joint_300K
0.0615,8.70979437260535,W1_joint_300K
0.0622499999999999,8.800997438409246,W1_joint_300K
0.0630000000000001,8.888674318727677,W1_joint_300K
0.06375,8.987301794319748,W1_joint_300K
0.0644999999999999,9.089226794995941,W1_joint_300K
0.0652500000000001,9.19704386152911,W1_joint_300K
0.066,9.285824696214918,W1_joint_300K
0.06675,9.385919738009896,W1_joint_300K
0.0675000000000001,9.470723898405534,W1_joint_300K
0.0682499999999999,9.549272140500893,W1_joint_300K
0.0690000000000001,9.644254430655781,W1_joint_300K
0.06975,9.74558077840412,W1_joint_300K
0.0704999999999999,9.828675557151703,W1_joint_300K
0.0712500000000001,9.927340209231124,W1_joint_300K
0.072,10.015523420164772,W1_joint_300K
0.0727499999999999,10.094292682366413,W1_joint_300K
0.0735000000000001,10.176726796884646,W1_joint_300K
0.07425,10.27045526246118,W1_joint_300K
0.075,10.36194923545558,W1_joint_300K
0.0757500000000001,10.432476187074721,W1_joint_300K
0.0764999999999999,10.50100463826176,W1_joint_300K
0.0772500000000001,10.58121333635974,W1_joint_300K
0.078,10.6583116411477,W1_joint_300K
0.0787499999999999,10.71375120395108,W1_joint_300K
0.0795000000000001,10.80311269162882,W1_joint_300K
0.08025,10.8792767769351,W1_joint_300K
0.0809999999999999,10.94582066727404,W1_joint_300K
0.0817500000000001,11.0046792526,W1_joint_300K
0.0824999999999999,11.0825925446239,W1_joint_300K
0.08325,11.13706841036054,W1_joint_300K
0.084,11.2042532155367,W1_joint_300K
0.0847499999999999,11.27617056674276,W1_joint_300K
0.0855000000000001,11.34515480608298,W1_joint_300K
0.08625,11.40838641954968,W1_joint_300K
0.0869999999999999,11.48431264762598,W1_joint_300K
0.0877500000000001,11.560815224949419,W1_joint_300K
0.0885,11.6174271128206,W1_joint_300K
0.0892499999999999,11.697966687604481,W1_joint_300K
0.0900000000000001,11.77166818147148,W1_joint_300K
0.09075,11.83999167689082,W1_joint_300K
0.0915,11.91222726318764,W1_joint_300K
0.09225,11.97994890827202,W1_joint_300K
0.0929999999999999,12.03245390183572,W1_joint_300K
0.0937500000000001,12.100559082099618,W1_joint_300K
0.0945,12.15809266222802,W1_joint_300K
0.0952499999999999,12.203952352618739,W1_joint_300K
0.0960000000000001,12.26719967655616,W1_joint_300K
0.09675,12.316347963123778,W1_joint_300K
0.0974999999999999,12.34992692128708,W1_joint_300K
0.0982500000000001,12.38059021691358,W1_joint_300K
0.0989999999999999,12.43471483524626,W1_joint_300K
0.09975,12.464752729207081,W1_joint_300K
0.1005,12.51151393920278,W1_joint_300K
0.10125,12.57881482933178,W1_joint_300K
0.102,12.64055587898436,W1_joint_300K
0.10275,12.66695196896324,W1_joint_300K
0.1035,12.72838786695476,W1_joint_300K
0.10425,12.758438412663159,W1_joint_300K
0.105,12.78141094365084,W1_joint_300K
0.10575,12.800992254235279,W1_joint_300K
0.1065,12.8335886138196,W1_joint_300K
0.10725,12.836808012261361,W1_joint_300K
0.108,12.866678027017098,W1_joint_300K
0.10875,12.880727006405019,W1_joint_300K
0.1095,12.91324544547292,W1_joint_300K
0.11025,12.94791974262606,W1_joint_300K
0.111,12.994470805469982,W1_joint_300K
0.11175,13.009445962287021,W1_joint_300K
0.1125,13.02016221036852,W1_joint_300K
0.11325,13.026829074103262,W1_joint_300K
0.114,13.01332417346336,W1_joint_300K
0.11475,13.00588802536538,W1_joint_300K
0.1155,12.994368621931198,W1_joint_300K
0.11625,12.987271620048801,W1_joint_300K
0.117,12.983525082467699,W1_joint_300K
0.11775,12.98877428999696,W1_joint_300K
0.1185,12.98792506740956,W1_joint_300K
0.11925,13.019883725507942,W1_joint_300K
0.12,13.04510883403692,W1_joint_300K
0.12075,13.06530643550538,W1_joint_300K
0.1215,13.084511412426139,W1_joint_300K
0.12225,13.09579498633686,W1_joint_300K
0.123,13.105350572324301,W1_joint_300K
0.12375,13.129945740445919,W1_joint_300K
0.1245,13.137255779093142,W1_joint_300K
0.12525,13.15213318121098,W1_joint_300K
0.126,13.167272676169821,W1_joint_300K
0.12675,13.1791955364242,W1_joint_300K
0.1275,13.17214056143968,W1_joint_300K
0.12825,13.18881891295888,W1_joint_300K
0.129,13.20138758690282,W1_joint_300K
0.12975,13.22004375653484,W1_joint_300K
0.1305,13.230982984742099,W1_joint_300K
0.13125,13.2592453981141,W1_joint_300K
0.132,13.25184723534122,W1_joint_300K
0.13275,13.27690794629394,W1_joint_300K
0.1335,13.27899099528268,W1_joint_300K
0.13425,13.2807977536295,W1_joint_300K
0.135,13.290380283919902,W1_joint_300K
0.13575,13.321989774389682,W1_joint_300K
0.1365,13.32510850390386,W1_joint_300K
0.13725,13.3462792844464,W1_joint_300K
0.138,13.36596656581256,W1_joint_300K
0.13875,13.37320252480634,W1_joint_300K
0.1395,13.40648956912166,W1_joint_300K
0.14025,13.41251662274802,W1_joint_300K
0.141,13.411721678840522,W1_joint_300K
0.14175,13.420752674878822,W1_joint_300K
0.1425,13.425514042983059,W1_joint_300K
0.14325,13.4343728032617,W1_joint_300K
0.144,13.47110649231052,W1_joint_300K
0.14475,13.48304838991738,W1_joint_300K
0.1455,13.487660824986941,W1_joint_300K
0.14625,13.503726535348239,W1_joint_300K
0.147,13.500956997016658,W1_joint_300K
0.14775,13.48682072779314,W1_joint_300K
0.1485,13.4933176718196,W1_joint_300K
0.14925,13.49770825717284,W1_joint_300K
0.15,13.479095837350638,W1_joint_300K
0.15075,13.45726046472048,W1_joint_300K
0.1515,13.4424210326749,W1_joint_300K
0.15225,13.44833766395386,W1_joint_300K
0.153,13.432868379160741,W1_joint_300K
0.15375,13.43214572462426,W1_joint_300K
0.1545,13.415456444833719,W1_joint_300K
0.15525,13.38346270816028,W1_joint_300K
0.156,13.242945299363942,W1_joint_300K
0.15675,13.209695414292742,W1_joint_300K
0.1575,13.182367881695978,W1_joint_300K
0.15825,13.12528168480164,W1_joint_300K
0.159,12.99270482583572,W1_joint_300K
0.15975,12.864229381700103,W1_joint_300K
0.1605,12.48288704487278,W1_joint_300K
0.16125,11.786114842562247,W1_joint_300K
0.162,10.766819959363191,W1_joint_300K
0.16275,9.501153073402651,W1_joint_300K
0.1635,7.937378261309294,W1_joint_300K
0.16425,6.179881335324086,W1_joint_300K
0.165,4.365157915447869,W1_joint_300K
0.16575,2.492346797904515,W1_joint_300K
0.1665,0.6209054638347971,W1_joint_300K
0.16725,-1.110114621923945,W1_joint_300K
0.168,-2.516748971425115,W1_joint_300K
0.16875,-3.397898050125106,W1_joint_300K
0.1695,-3.58775168598698,W1_joint_300K
0.17025,-3.0436423223348266,W1_joint_300K
0.171,-1.8944559123360025,W1_joint_300K
0.17175,-0.45519220574646857,W1_joint_300K
0.1725,0.9552184701295033,W1_joint_300K
0.17325,2.1469112739304035,W1_joint_300K
0.174,2.9354499787877537,W1_joint_300K
0.17475,3.2006807199719263,W1_joint_300K
0.1755,2.9453949611907717,W1_joint_300K
0.17625,2.2102113382696893,W1_joint_300K
0.177,1.0493338013636473,W1_joint_300K
0.17775,-0.38441802938645475,W1_joint_300K
0.1785,-1.8010560987372226,W1_joint_300K
0.17925,-2.8552942899901383,W1_joint_300K
0.18,-3.2946711179494104,W1_joint_300K
0.18075,-2.9934191564345065,W1_joint_300K
0.1815,-2.0942092743596765,W1_joint_300K
0.18225,-0.8150320299966204,W1_joint_300K
0.183,0.5723171038909436,W1_joint_300K
0.18375,1.7669701714321537,W1_joint_300K
0.1845,2.5851300809842264,W1_joint_300K
0.18525,2.953013801634036,W1_joint_300K
0.186,2.845554408155376,W1_joint_300K
0.18675,2.255860503363104,W1_joint_300K
0.1875,1.2871360349626755,W1_joint_300K
0.18825,0.059332011938927655,W1_joint_300K
0.189,-1.1997869536512424,W1_joint_300K
0.18975,-2.2079342274886904,W1_joint_300K
0.1905,-2.746964083944394,W1_joint_300K
0.19125,-2.710404778793352,W1_joint_300K
0.192,-2.1196007482919823,W1_joint_300K
0.19275,-1.1045193813722443,W1_joint_300K
0.1935,0.0779194061371177,W1_joint_300K
0.19425,1.1815123236397558,W1_joint_300K
0.195,2.0263611381814957,W1_joint_300K
0.19575,2.487602830412338,W1_joint_300K
0.1965,2.530679431454804,W1_joint_300K
0.19725,2.1589603351445676,W1_joint_300K
0.198,1.4206178231886022,W1_joint_300K
0.19875,0.4243707534543663,W1_joint_300K
0.1995,-0.6635278528988697,W1_joint_300K
0.20025,-1.6560712546012577,W1_joint_300K
0.201,-2.3008089918535752,W1_joint_300K
0.20175,-2.4539769584566025,W1_joint_300K
0.2025,-2.1108200621792386,W1_joint_300K
0.20325,-1.3220176515855226,W1_joint_300K
0.204,-0.2924491621558108,W1_joint_300K
0.20475,0.7439819846935812,W1_joint_300K
0.2055,1.5751414072607772,W1_joint_300K
0.20625,2.1014482003829835,W1_joint_300K
0.207,2.261688031984378,W1_joint_300K
0.20775,2.0424085315725256,W1_joint_300K
0.2085,1.4804857685395958,W1_joint_300K
0.20925,0.6374684165836196,W1_joint_300K
0.21,-0.3291331707479085,W1_joint_300K
0.21075,-1.2808412777181666,W1_joint_300K
0.2115,-1.968768655512068,W1_joint_300K
0.21225,-2.2467545152141364,W1_joint_300K
0.213,-2.0388334384151205,W1_joint_300K
0.21375,-1.417806604626899,W1_joint_300K
0.2145,-0.504656776349131,W1_joint_300K
0.21525,0.459394990322763,W1_joint_300K
0.216,1.2882099851830409,W1_joint_300K
0.21675,1.8611082893004371,W1_joint_300K
0.2175,2.0875001085480958,W1_joint_300K
0.21825,1.9429028119871514,W1_joint_300K
0.219,1.4762783910020725,W1_joint_300K
0.21975,0.7308583792160044,W1_joint_300K
0.2205,-0.1724011097090396,W1_joint_300K
0.22125,-1.0347631122052976,W1_joint_300K
0.222,-1.6886278768088672,W1_joint_300K
0.22275,-1.9881396891170364,W1_joint_300K
0.2235,-1.861292913362678,W1_joint_300K
0.22425,-1.3385448745532331,W1_joint_300K
0.225,-0.5727379290272852,W1_joint_300K
0.22575,0.2909017666827988,W1_joint_300K
0.2265,1.0489352866665107,W1_joint_300K
0.22725,1.6033046960593431,W1_joint_300K
0.228,1.855954793881264,W1_joint_300K
0.22875,1.776377172796789,W1_joint_300K
0.2295,1.3952942321088293,W1_joint_300K
0.23025,0.7618074917864478,W1_joint_300K
0.231,-0.04193523863487414,W1_joint_300K
0.23175,-0.8346374917872902,W1_joint_300K
0.2325,-1.4590243019611753,W1_joint_300K
0.23325,-1.79948736618433,W1_joint_300K
0.234,-1.7483242359548274,W1_joint_300K
0.23475,-1.328542968575247,W1_joint_300K
0.2355,-0.6627432788821291,W1_joint_300K
0.23625,0.11150534020485688,W1_joint_300K
0.237,0.8353203763571428,W1_joint_300K
0.23775,1.370372358362188,W1_joint_300K
0.2385,1.6566621457460198,W1_joint_300K
0.23925,1.6269571023995701,W1_joint_300K
0.24,1.324583633150206,W1_joint_300K
0.24075,0.7749625238256214,W1_joint_300K
0.2415,0.06423037746757329,W1_joint_300K
0.24225,-0.6811898624731487,W1_joint_300K
0.243,-1.2713593083895731,W1_joint_300K
0.24375,-1.607428824914169,W1_joint_300K
0.2445,-1.6102356707880894,W1_joint_300K
0.24525,-1.2522827943665928,W1_joint_300K
0.246,-0.6624795367402767,W1_joint_300K
0.24675,0.051564913849151316,W1_joint_300K
0.2475,0.7241949474006952,W1_joint_300K
0.24825,1.2351270190575026,W1_joint_300K
0.249,1.4799451463889781,W1_joint_300K
0.24975,1.4726712726736726,W1_joint_300K
0.2505,1.195737798742447,W1_joint_300K
0.25125,0.7048943753245064,W1_joint_300K
0.252,0.07238915972409052,W1_joint_300K
0.25275,-0.5707300211868375,W1_joint_300K
0.2535,-1.1081197305843422,W1_joint_300K
0.25425,-1.4389654270232946,W1_joint_300K
0.255,-1.4581447869698545,W1_joint_300K
0.25575,-1.1573915034071947,W1_joint_300K
0.2565,-0.6430840702200128,W1_joint_300K
0.25725,-0.0011922113464588602,W1_joint_300K
0.258,0.6130697476738112,W1_joint_300K
0.25875,1.0783857516942095,W1_joint_300K
0.2595,1.3090551701943778,W1_joint_300K
0.26025,1.3203534312910556,W1_joint_300K
0.261,1.0685539031750069,W1_joint_300K
0.26175,0.634811411821952,W1_joint_300K
0.2625,0.06135621828932196,W1_joint_300K
0.26325,-0.517932134152632,W1_joint_300K
0.264,-0.9987058312321576,W1_joint_300K
0.26475,-1.273399682232251,W1_joint_300K
0.2655,-1.2764514928079496,W1_joint_300K
0.26625,-1.023208245288052,W1_joint_300K
0.267,-0.5478326174662422,W1_joint_300K
0.26775,0.00412402975906776,W1_joint_300K
0.2685,0.5363813757314998,W1_joint_300K
0.26925,0.9506738096591594,W1_joint_300K
0.27,1.1734794289130779,W1_joint_300K
0.27075,1.175150739787798,W1_joint_300K
0.2715,0.9521961851754378,W1_joint_300K
0.27225,0.5613001986183954,W1_joint_300K
0.273,0.05786566728864941,W1_joint_300K
0.27375,-0.45738513767472855,W1_joint_300K
0.2745,-0.8889598523937849,W1_joint_300K
0.27525,-1.1149543104833164,W1_joint_300K
0.276,-1.1179648439959702,W1_joint_300K
0.27675,-0.9002283263608595,W1_joint_300K
0.2775,-0.4739834518670435,W1_joint_300K
0.27825,0.023757209963102488,W1_joint_300K
0.279,0.5032625388238184,W1_joint_300K
0.27975,0.8753855833797146,W1_joint_300K
0.2805,1.0736875431095019,W1_joint_300K
0.28125,1.0659584563057232,W1_joint_300K
0.282,0.8641623766618787,W1_joint_300K
0.28275,0.5013800930880732,W1_joint_300K
0.2835,0.046815498169884194,W1_joint_300K
0.28425,-0.42542612003462177,W1_joint_300K
0.285,-0.819260886470021,W1_joint_300K
0.28575,-1.0357764951858688,W1_joint_300K
0.2865,-1.031756880215115,W1_joint_300K
0.28725,-0.8144035205714186,W1_joint_300K
0.288,-0.4212821073254508,W1_joint_300K
0.28875,0.049160078054291165,W1_joint_300K
0.2895,0.48225754356994316,W1_joint_300K
0.29025,0.8219909550775689,W1_joint_300K
0.291,1.0041526676118446,W1_joint_300K
0.29175,0.9927005672096462,W1_joint_300K
0.2925,0.8026980904088166,W1_joint_300K
0.29325,0.46910971566398646,W1_joint_300K
0.294,0.01923753402077444,W1_joint_300K
0.29475,-0.44045538028699455,W1_joint_300K
0.2955,-0.7918558974853578,W1_joint_300K
0.29625,-0.9820005162253492,W1_joint_300K
0.297,-0.9687202352431576,W1_joint_300K
0.29775,-0.7317671901597975,W1_joint_300K
0.2985,-0.3477871773132327,W1_joint_300K
0.29925,-0.13570059104114085,W1_joint_300K
0.3,0.11241689144252354,W1_joint_300K
0.0,-0.8973722282864559,W2_joint_300K
0.000749999999999878,-0.8180508054889642,W2_joint_300K
0.00150000000000009,-0.7450311852506158,W2_joint_300K
0.00224999999999997,-0.5905472531611162,W2_joint_300K
0.00299999999999985,-0.4515136025550134,W2_joint_300K
0.00375000000000006,-0.3021752067207467,W2_joint_300K
0.00449999999999994,-0.15978192737199368,W2_joint_300K
0.00525000000000015,-0.009413971339205084,W2_joint_300K
0.00600000000000003,0.1375029831684099,W2_joint_300K
0.00674999999999991,0.3207634964750235,W2_joint_300K
0.00750000000000012,0.49927234153907596,W2_joint_300K
0.00825,0.6415937680490188,W2_joint_300K
0.00899999999999987,0.7735557928828662,W2_joint_300K
0.00975000000000008,0.9333224318455796,W2_joint_300K
0.0105,1.0352186363258546,W2_joint_300K
0.0112499999999998,1.1343972687960016,W2_joint_300K
0.0120000000000001,1.2648404816076657,W2_joint_300K
0.0127499999999999,1.411644160194316,W2_joint_300K
0.0135000000000001,1.527182949046678,W2_joint_300K
0.01425,1.664822423076528,W2_joint_300K
0.0149999999999999,1.799014509948328,W2_joint_300K
0.0157500000000001,1.9346294153122319,W2_joint_300K
0.0165,2.062325044539306,W2_joint_300K
0.0172499999999999,2.1914740510627526,W2_joint_300K
0.0180000000000001,2.311906666749342,W2_joint_300K
0.01875,2.456776591554702,W2_joint_300K
0.0194999999999998,2.589129133624258,W2_joint_300K
0.02025,2.703693598327222,W2_joint_300K
0.0209999999999999,2.816317703977608,W2_joint_300K
0.0217500000000001,2.935950986674834,W2_joint_300K
0.0225,3.038984374303928,W2_joint_300K
0.0232499999999999,3.137311224371922,W2_joint_300K
0.0240000000000001,3.267218604799332,W2_joint_300K
0.02475,3.4043837249023063,W2_joint_300K
0.0254999999999999,3.5184750002466543,W2_joint_300K
0.0262500000000001,3.633755974504834,W2_joint_300K
0.027,3.785374224025026,W2_joint_300K
0.02775,3.908345233107192,W2_joint_300K
0.0285,4.016668684172534,W2_joint_300K
0.0292499999999999,4.1469354097122695,W2_joint_300K
0.0300000000000001,4.273091777874702,W2_joint_300K
0.03075,4.382257127718244,W2_joint_300K
0.0314999999999999,4.49475871495472,W2_joint_300K
0.0322500000000001,4.620267871384742,W2_joint_300K
0.033,4.739384062268717,W2_joint_300K
0.0337499999999999,4.854012440822246,W2_joint_300K
0.0345000000000001,4.95296795623511,W2_joint_300K
0.0352499999999999,5.074334394010665,W2_joint_300K
0.036,5.1842275665947595,W2_joint_300K
0.03675,5.28688819183102,W2_joint_300K
0.0374999999999999,5.4281727866884095,W2_joint_300K
0.0382500000000001,5.546536390712042,W2_joint_300K
0.039,5.656855596697602,W2_joint_300K
0.0397499999999999,5.764851905861664,W2_joint_300K
0.0405000000000001,5.881592692433038,W2_joint_300K
0.04125,5.967765211251422,W2_joint_300K
0.0419999999999999,6.076518564549414,W2_joint_300K
0.0427500000000001,6.182855492150759,W2_joint_300K
0.0434999999999999,6.2927282714416695,W2_joint_300K
0.0442500000000002,6.401892827282614,W2_joint_300K
0.045,6.505241090838046,W2_joint_300K
0.0457499999999999,6.618377455935215,W2_joint_300K
0.0465000000000001,6.72288230687847,W2_joint_300K
0.04725,6.836715129351236,W2_joint_300K
0.0479999999999999,6.946944476976708,W2_joint_300K
0.0487500000000001,7.0557657624287256,W2_joint_300K
0.0495,7.1855646582904145,W2_joint_300K
0.0502499999999999,7.299401997150912,W2_joint_300K
0.0510000000000001,7.390112878129457,W2_joint_300K
0.0517499999999999,7.4951537943358035,W2_joint_300K
0.0525000000000002,7.587694399839362,W2_joint_300K
0.05325,7.676063567498223,W2_joint_300K
0.0539999999999999,7.766122032073203,W2_joint_300K
0.0547500000000001,7.872474861291042,W2_joint_300K
0.0555,7.963931568858504,W2_joint_300K
0.0562499999999999,8.091012154910564,W2_joint_300K
0.0570000000000001,8.193403703151859,W2_joint_300K
0.05775,8.308521798473524,W2_joint_300K
0.0584999999999998,8.415344649292232,W2_joint_300K
0.0592500000000001,8.519775138390502,W2_joint_300K
0.0599999999999999,8.605600185466988,W2_joint_300K
0.0607500000000002,8.698232461441087,W2_joint_300K
0.0615,8.793386431427377,W2_joint_300K
0.0622499999999999,8.885277888969807,W2_joint_300K
0.0630000000000001,8.98786403116944,W2_joint_300K
0.06375,9.077843328764038,W2_joint_300K
0.0644999999999999,9.170138284581318,W2_joint_300K
0.0652500000000001,9.256348108697154,W2_joint_300K
0.066,9.365940052360747,W2_joint_300K
0.06675,9.457794765766131,W2_joint_300K
0.0675000000000001,9.564853819505455,W2_joint_300K
0.0682499999999999,9.658109185182045,W2_joint_300K
0.0690000000000001,9.750391859088003,W2_joint_300K
0.06975,9.834859073580748,W2_joint_300K
0.0704999999999999,9.915617825494964,W2_joint_300K
0.0712500000000001,9.986329607211752,W2_joint_300K
0.072,10.074780586648256,W2_joint_300K
0.0727499999999999,10.15506379709754,W2_joint_300K
0.0735000000000001,10.24217274168996,W2_joint_300K
0.07425,10.337743603778382,W2_joint_300K
0.075,10.425919579912899,W2_joint_300K
0.0757500000000001,10.49986890023642,W2_joint_300K
0.0764999999999999,10.575978797418099,W2_joint_300K
0.0772500000000001,10.64217295490072,W2_joint_300K
0.078,10.71758891238422,W2_joint_300K
0.0787499999999999,10.78914497890142,W2_joint_300K
0.0795000000000001,10.870354808714321,W2_joint_300K
0.08025,10.945537911918521,W2_joint_300K
0.0809999999999999,11.023617616140019,W2_joint_300K
0.0817500000000001,11.10221634584256,W2_joint_300K
0.0824999999999999,11.163228222377741,W2_joint_300K
0.08325,11.21848465222476,W2_joint_300K
0.084,11.294184384261701,W2_joint_300K
0.0847499999999999,11.36316830933562,W2_joint_300K
0.0855000000000001,11.40829811955754,W2_joint_300K
0.08625,11.48626354242442,W2_joint_300K
0.0869999999999999,11.53898604351442,W2_joint_300K
0.0877500000000001,11.593552474077422,W2_joint_300K
0.0885,11.63701953191004,W2_joint_300K
0.0892499999999999,11.70610816802238,W2_joint_300K
0.0900000000000001,11.745874605782841,W2_joint_300K
0.09075,11.833734674192721,W2_joint_300K
0.0915,11.8917791497761,W2_joint_300K
0.09225,11.9605233868959,W2_joint_300K
0.0929999999999999,12.0165437871549,W2_joint_300K
0.0937500000000001,12.09038556116742,W2_joint_300K
0.0945,12.13051418323282,W2_joint_300K
0.0952499999999999,12.194878246589159,W2_joint_300K
0.0960000000000001,12.252766890782421,W2_joint_300K
0.09675,12.29080302521244,W2_joint_300K
0.0974999999999999,12.334527623807,W2_joint_300K
0.0982500000000001,12.40394096687954,W2_joint_300K
0.0989999999999999,12.43790772189022,W2_joint_300K
0.09975,12.48133986158058,W2_joint_300K
0.1005,12.536280543693719,W2_joint_300K
0.10125,12.57802934959234,W2_joint_300K
0.102,12.60695862486514,W2_joint_300K
0.10275,12.6521604321895,W2_joint_300K
0.1035,12.68249067516852,W2_joint_300K
0.10425,12.70657397723564,W2_joint_300K
0.105,12.74543719220822,W2_joint_300K
0.10575,12.7697763616442,W2_joint_300K
0.1065,12.808244080212438,W2_joint_300K
0.10725,12.85500737171434,W2_joint_300K
0.108,12.8990317138698,W2_joint_300K
0.10875,12.92591728644338,W2_joint_300K
0.1095,12.95085097357482,W2_joint_300K
0.11025,12.963193776007838,W2_joint_300K
0.111,12.9793054835791,W2_joint_300K
0.11175,13.0147161520683,W2_joint_300K
0.1125,13.04530939382058,W2_joint_300K
0.11325,13.071211807873519,W2_joint_300K
0.114,13.105470093879319,W2_joint_300K
0.11475,13.12040895541394,W2_joint_300K
0.1155,13.133139473575701,W2_joint_300K
0.11625,13.1505051342024,W2_joint_300K
0.117,13.157894992106739,W2_joint_300K
0.11775,13.167706510028442,W2_joint_300K
0.1185,13.18560103973996,W2_joint_300K
0.11925,13.200769504619961,W2_joint_300K
0.12,13.202649607696799,W2_joint_300K
0.12075,13.238206048914261,W2_joint_300K
0.1215,13.243271961350581,W2_joint_300K
0.12225,13.25110114487288,W2_joint_300K
0.123,13.245427347485,W2_joint_300K
0.12375,13.24159082681552,W2_joint_300K
0.1245,13.23203838606448,W2_joint_300K
0.12525,13.249361906903761,W2_joint_300K
0.126,13.26524123052368,W2_joint_300K
0.12675,13.281091784481982,W2_joint_300K
0.1275,13.30109101281268,W2_joint_300K
0.12825,13.312031791922001,W2_joint_300K
0.129,13.297932535130979,W2_joint_300K
0.12975,13.29828595336852,W2_joint_300K
0.1305,13.305628371468282,W2_joint_300K
0.13125,13.315799344615021,W2_joint_300K
0.132,13.31821466519778,W2_joint_300K
0.13275,13.34752954944014,W2_joint_300K
0.1335,13.35705965976172,W2_joint_300K
0.13425,13.351683546125802,W2_joint_300K
0.135,13.356184570748459,W2_joint_300K
0.13575,13.367714948089702,W2_joint_300K
0.1365,13.370868898531878,W2_joint_300K
0.13725,13.378276717883441,W2_joint_300K
0.138,13.38911126773856,W2_joint_300K
0.13875,13.551622107504603,W2_joint_300K
0.1395,13.74004752034428,W2_joint_300K
0.14025,13.88467037230474,W2_joint_300K
0.141,14.0444680280302,W2_joint_300K
0.14175,14.1995023612052,W2_joint_300K
0.1425,14.19103690301468,W2_joint_300K
0.14325,14.15422270622084,W2_joint_300K
0.144,14.142278324785021,W2_joint_300K
0.14475,14.133071880019838,W2_joint_300K
0.1455,14.121415085984001,W2_joint_300K
0.14625,14.11879236358142,W2_joint_300K
0.147,14.106661329442579,W2_joint_300K
0.14775,14.0952151736853,W2_joint_300K
0.1485,14.07676514717102,W2_joint_300K
0.14925,14.036182779266241,W2_joint_300K
0.15,13.99152228090586,W2_joint_300K
0.15075,13.95672940475174,W2_joint_300K
0.1515,13.947126989484579,W2_joint_300K
0.15225,13.91913380370408,W2_joint_300K
0.153,13.93687102504244,W2_joint_300K
0.15375,13.93092288346424,W2_joint_300K
0.1545,13.912748934442499,W2_joint_300K
0.15525,13.878892186078218,W2_joint_300K
0.156,13.806003101699739,W2_joint_300K
0.15675,13.735760275311199,W2_joint_300K
0.1575,13.646151223827559,W2_joint_300K
0.15825,13.55721082004234,W2_joint_300K
0.159,13.43782509643346,W2_joint_300K
0.15975,13.327741906326342,W2_joint_300K
0.1605,13.11083527491374,W2_joint_300K
0.16125,12.72656158120682,W2_joint_300K
0.162,12.035535264006388,W2_joint_300K
0.16275,11.029231067136898,W2_joint_300K
0.1635,9.697836785453067,W2_joint_300K
0.16425,8.017711502966971,W2_joint_300K
0.165,6.119483227772998,W2_joint_300K
0.16575,4.0160527559420425,W2_joint_300K
0.1665,1.674407037231336,W2_joint_300K
0.16725,-0.88263549669319,W2_joint_300K
0.168,-3.198630571713164,W2_joint_300K
0.16875,-4.891238824202469,W2_joint_300K
0.1695,-5.59455253048898,W2_joint_300K
0.17025,-5.176678766134654,W2_joint_300K
0.171,-3.6930739614838934,W2_joint_300K
0.17175,-1.6146265665588941,W2_joint_300K
0.1725,0.586344054654238,W2_joint_300K
0.17325,2.443401056627118,W2_joint_300K
0.174,3.733356454408626,W2_joint_300K
0.17475,4.401359689721575,W2_joint_300K
0.1755,4.423149367708836,W2_joint_300K
0.17625,3.75549119912709,W2_joint_300K
0.177,2.496142311938334,W2_joint_300K
0.17775,0.8201921363942521,W2_joint_300K
0.1785,-1.0288083172251261,W2_joint_300K
0.17925,-2.709267968450124,W2_joint_300K
0.18,-3.844372471222262,W2_joint_300K
0.18075,-4.174366593725212,W2_joint_300K
0.1815,-3.6093933510969856,W2_joint_300K
0.18225,-2.337889971654234,W2_joint_300K
0.183,-0.6789071561733878,W2_joint_300K
0.18375,-5.092039817958776,W2_joint_300K
0.1845,-3.5583079718737975,W2_joint_300K
0.18525,-4.30753437773655,W2_joint_300K
0.186,-6.23165478900501,W2_joint_300K
0.0,-0.39940941911438826,W3_joint_300K
0.000749999999999878,-0.3300624404594285,W3_joint_300K
0.00150000000000009,-0.24899105748335898,W3_joint_300K
0.00224999999999997,-0.09165794123135995,W3_joint_300K
0.00299999999999985,0.08032157445535443,W3_joint_300K
0.00375000000000006,0.24704038925201002,W3_joint_300K
0.00449999999999994,0.42626167384459024,W3_joint_300K
0.00525000000000015,0.5753678592103553,W3_joint_300K
0.00600000000000003,0.7352937169916481,W3_joint_300K
0.00674999999999991,0.8784349995584533,W3_joint_300K
0.00750000000000012,1.0109309230361871,W3_joint_300K
0.00825,1.1346758996990949,W3_joint_300K
0.00899999999999987,1.274801256139438,W3_joint_300K
0.00975000000000008,1.392828323172078,W3_joint_300K
0.0105,1.5260286793320819,W3_joint_300K
0.0112499999999998,1.6710315582109303,W3_joint_300K
0.0120000000000001,1.816708267435212,W3_joint_300K
0.0127499999999999,1.957279791592854,W3_joint_300K
0.0135000000000001,2.1026500594395396,W3_joint_300K
0.01425,2.254602400123566,W3_joint_300K
0.0149999999999999,2.409708107263674,W3_joint_300K
0.0157500000000001,2.5447775944917543,W3_joint_300K
0.0165,2.6490102934677457,W3_joint_300K
0.0172499999999999,2.786463684958052,W3_joint_300K
0.0180000000000001,2.897554936742938,W3_joint_300K
0.01875,2.980875022390306,W3_joint_300K
0.0194999999999998,3.0882764818363375,W3_joint_300K
0.02025,3.2453625850003043,W3_joint_300K
0.0209999999999999,3.3607247684534842,W3_joint_300K
0.0217500000000001,3.4936201529630218,W3_joint_300K
0.0225,3.628852999113962,W3_joint_300K
0.0232499999999999,3.76410800826216,W3_joint_300K
0.0240000000000001,3.8788385715304003,W3_joint_300K
0.02475,4.011398402778481,W3_joint_300K
0.0254999999999999,4.1190901553748205,W3_joint_300K
0.0262500000000001,4.24235216701829,W3_joint_300K
0.027,4.366121732758527,W3_joint_300K
0.02775,4.490001045213562,W3_joint_300K
0.0285,4.601604525034532,W3_joint_300K
0.0292499999999999,4.732035925749903,W3_joint_300K
0.0300000000000001,4.845117047564829,W3_joint_300K
0.03075,4.96029389712586,W3_joint_300K
0.0314999999999999,5.073459578964695,W3_joint_300K
0.0322500000000001,5.1816370714777875,W3_joint_300K
0.033,5.270144840725068,W3_joint_300K
0.0337499999999999,5.384524117429656,W3_joint_300K
0.0345000000000001,5.492713611169834,W3_joint_300K
0.0352499999999999,5.605681795083956,W3_joint_300K
0.036,5.714943573910646,W3_joint_300K
0.03675,5.852270088774667,W3_joint_300K
0.0374999999999999,5.963017218547972,W3_joint_300K
0.0382500000000001,6.065616886831456,W3_joint_300K
0.039,6.167687509109894,W3_joint_300K
0.0397499999999999,6.281638272696384,W3_joint_300K
0.0405000000000001,6.364397060022058,W3_joint_300K
0.04125,6.458262509974699,W3_joint_300K
0.0419999999999999,6.54901172046096,W3_joint_300K
0.0427500000000001,6.64099101858873,W3_joint_300K
0.0434999999999999,6.749876834674827,W3_joint_300K
0.0442500000000002,6.849220997172031,W3_joint_300K
0.045,6.954405316413448,W3_joint_300K
0.0457499999999999,7.061271812406124,W3_joint_300K
0.0465000000000001,7.181730995653558,W3_joint_300K
0.04725,7.270223383411965,W3_joint_300K
0.0479999999999999,7.367996638351916,W3_joint_300K
0.0487500000000001,7.472923211695502,W3_joint_300K
0.0495,7.588811076659619,W3_joint_300K
0.0502499999999999,7.68200652559335,W3_joint_300K
0.0510000000000001,7.773112531529878,W3_joint_300K
0.0517499999999999,7.88227848687031,W3_joint_300K
0.0525000000000002,7.99946590841986,W3_joint_300K
0.05325,8.090773406625976,W3_joint_300K
0.0539999999999999,8.173027175740913,W3_joint_300K
0.0547500000000001,8.281639009583913,W3_joint_300K
0.0555,8.376704309543545,W3_joint_300K
0.0562499999999999,8.454551179923016,W3_joint_300K
0.0570000000000001,8.553946910985925,W3_joint_300K
0.05775,8.659797354518643,W3_joint_300K
0.0584999999999998,8.751897969166224,W3_joint_300K
0.0592500000000001,8.834068425648477,W3_joint_300K
0.0599999999999999,8.916738968456775,W3_joint_300K
0.0607500000000002,9.005532137577564,W3_joint_300K
0.0615,9.11312522434967,W3_joint_300K
0.0622499999999999,9.192732996330843,W3_joint_300K
0.0630000000000001,9.286568152225225,W3_joint_300K
0.06375,9.373433345180667,W3_joint_300K
0.0644999999999999,9.458456836009352,W3_joint_300K
0.0652500000000001,9.514628500955428,W3_joint_300K
0.066,9.600757466808995,W3_joint_300K
0.06675,9.662470574902278,W3_joint_300K
0.0675000000000001,9.74609400124371,W3_joint_300K
0.0682499999999999,9.815094976906105,W3_joint_300K
0.0690000000000001,9.89811725600491,W3_joint_300K
0.06975,9.97163127137558,W3_joint_300K
0.0704999999999999,10.075497475690215,W3_joint_300K
0.0712500000000001,10.153260422956304,W3_joint_300K
0.072,10.235952453496179,W3_joint_300K
0.0727499999999999,10.33085532866474,W3_joint_300K
0.0735000000000001,10.42268995928586,W3_joint_300K
0.07425,10.50730794404196,W3_joint_300K
0.075,10.587589410096061,W3_joint_300K
0.0757500000000001,10.662187643978701,W3_joint_300K
0.0764999999999999,10.725571380872159,W3_joint_300K
0.0772500000000001,10.79399932431542,W3_joint_300K
0.078,10.853563184989941,W3_joint_300K
0.0787499999999999,10.9452754654652,W3_joint_300K
0.0795000000000001,11.028561329318,W3_joint_300K
0.08025,11.09882860922206,W3_joint_300K
0.0809999999999999,11.1805678051511,W3_joint_300K
0.0817500000000001,11.25872108710412,W3_joint_300K
0.0824999999999999,11.31347485418018,W3_joint_300K
0.08325,11.3833404604202,W3_joint_300K
0.084,11.45040395082616,W3_joint_300K
0.0847499999999999,11.51031939437494,W3_joint_300K
0.0855000000000001,11.57812629847802,W3_joint_300K
0.08625,11.63992374604976,W3_joint_300K
0.0869999999999999,11.68839109248832,W3_joint_300K
0.0877500000000001,11.738774092908818,W3_joint_300K
0.0885,11.792680639920459,W3_joint_300K
0.0892499999999999,11.84805339885022,W3_joint_300K
0.0900000000000001,11.89200853735322,W3_joint_300K
0.09075,11.92978950244644,W3_joint_300K
0.0915,11.989186453318421,W3_joint_300K
0.09225,12.04418541961944,W3_joint_300K
0.0929999999999999,12.0757792034692,W3_joint_300K
0.0937500000000001,12.13813363791206,W3_joint_300K
0.0945,12.20723945205836,W3_joint_300K
0.0952499999999999,12.249814579155402,W3_joint_300K
0.0960000000000001,12.28564145162526,W3_joint_300K
0.09675,12.3414001642916,W3_joint_300K
0.0974999999999999,12.37540807022028,W3_joint_300K
0.0982500000000001,12.40599065848886,W3_joint_300K
0.0989999999999999,12.45641610479928,W3_joint_300K
0.09975,12.4937895655283,W3_joint_300K
0.1005,12.52314661598922,W3_joint_300K
0.10125,12.55323617437802,W3_joint_300K
0.102,12.59820077267466,W3_joint_300K
0.10275,12.63114439623976,W3_joint_300K
0.1035,12.67260816748722,W3_joint_300K
0.10425,12.71399346072462,W3_joint_300K
0.105,12.76367777188532,W3_joint_300K
0.10575,12.796270078373102,W3_joint_300K
0.1065,12.83277446746224,W3_joint_300K
0.10725,12.87851354864286,W3_joint_300K
0.108,12.912481087195141,W3_joint_300K
0.10875,12.92400950825612,W3_joint_300K
0.1095,12.937276289795118,W3_joint_300K
0.11025,12.95599376867504,W3_joint_300K
0.111,12.95009611499736,W3_joint_300K
0.11175,12.975057314463319,W3_joint_300K
0.1125,12.99522779065984,W3_joint_300K
0.11325,13.02970084918488,W3_joint_300K
0.114,13.049412263162619,W3_joint_300K
0.11475,13.07405636649558,W3_joint_300K
0.1155,13.081396766585943,W3_joint_300K
0.11625,13.1126806428158,W3_joint_300K
0.117,13.13263399691578,W3_joint_300K
0.11775,13.155269325214721,W3_joint_300K
0.1185,13.17993208144352,W3_joint_300K
0.11925,13.21292752955984,W3_joint_300K
0.12,13.24147259013272,W3_joint_300K
0.12075,13.2703505075636,W3_joint_300K
0.1215,13.29838927646332,W3_joint_300K
0.12225,13.327616287126721,W3_joint_300K
0.123,13.359432556628281,W3_joint_300K
0.12375,13.38797613664622,W3_joint_300K
0.1245,13.428580237777819,W3_joint_300K
0.12525,13.45648830946698,W3_joint_300K
0.126,13.504113325097,W3_joint_300K
0.12675,13.531556904634261,W3_joint_300K
0.1275,13.558500851359861,W3_joint_300K
0.12825,13.559518457572642,W3_joint_300K
0.129,13.580222818263781,W3_joint_300K
0.12975,13.578407093137837,W3_joint_300K
0.1305,13.58981571399338,W3_joint_300K
0.13125,13.6157324747447,W3_joint_300K
0.132,13.63489814827108,W3_joint_300K
0.13275,13.651466153409999,W3_joint_300K
0.1335,13.682220509121299,W3_joint_300K
0.13425,13.70495041644792,W3_joint_300K
0.135,13.71109373391678,W3_joint_300K
0.13575,13.735194706115701,W3_joint_300K
0.1365,13.750371288796481,W3_joint_300K
0.13725,13.76037816086064,W3_joint_300K
0.138,13.765734451560439,W3_joint_300K
0.13875,13.7604275640673,W3_joint_300K
0.1395,13.76591362054234,W3_joint_300K
0.14025,13.793429594582,W3_joint_300K
0.141,13.80633766373602,W3_joint_300K
0.14175,13.83185897341466,W3_joint_300K
0.1425,13.882903053346439,W3_joint_300K
0.14325,13.90631842948834,W3_joint_300K
0.144,13.929048410475,W3_joint_300K
0.14475,13.940498852619521,W3_joint_300K
0.1455,13.960049317578338,W3_joint_300K
0.14625,13.96663356070774,W3_joint_300K
0.147,13.992054762850719,W3_joint_300K
0.14775,13.990244706457782,W3_joint_300K
0.1485,14.02400084628286,W3_joint_300K
0.14925,14.03473050791288,W3_joint_300K
0.15,14.05832859733342,W3_joint_300K
0.15075,14.07377955331232,W3_joint_300K
0.1515,14.09617551176776,W3_joint_300K
0.15225,14.10656967226534,W3_joint_300K
0.153,14.13440639554712,W3_joint_300K
0.15375,14.151876219406939,W3_joint_300K
0.1545,14.178332659907,W3_joint_300K
0.15525,14.16454766412428,W3_joint_300K
0.156,14.1543585884624,W3_joint_300K
0.15675,14.16431444651,W3_joint_300K
0.1575,14.149184178895041,W3_joint_300K
0.15825,14.124000613025562,W3_joint_300K
0.159,14.135838964312342,W3_joint_300K
0.15975,14.158984332078441,W3_joint_300K
0.1605,14.136951066363583,W3_joint_300K
0.16125,14.1463074917704,W3_joint_300K
0.162,14.11608003703498,W3_joint_300K
0.16275,14.11562248356518,W3_joint_300K
0.1635,14.070136724668199,W3_joint_300K
0.16425,13.99691336153612,W3_joint_300K
0.165,13.847896477509721,W3_joint_300K
0.16575,13.62049980393974,W3_joint_300K
0.1665,13.188910384608079,W3_joint_300K
0.16725,12.50563197529766,W3_joint_300K
0.168,11.54655942913756,W3_joint_300K
0.16875,10.257991691597052,W3_joint_300K
0.1695,8.688534893954827,W3_joint_300K
0.17025,6.8515498418560865,W3_joint_300K
0.171,4.768768186060307,W3_joint_300K
0.17175,2.4097033833563755,W3_joint_300K
0.1725,-0.16834698359107653,W3_joint_300K
0.17325,-2.8370501345365744,W3_joint_300K
0.174,-4.432899802249551,W3_joint_300K
0.17475,-5.135121855389908,W3_joint_300K
0.1755,-4.782813174629648,W3_joint_300K
0.17625,-3.4006334039844837,W3_joint_300K
0.177,-1.185441646184638,W3_joint_300K
0.17775,0.565736041999688,W3_joint_300K
0.1785,1.985163845493042,W3_joint_300K
0.17925,2.846850109399802,W3_joint_300K
0.18,3.1013503783156877,W3_joint_300K
0.18075,2.731890887401542,W3_joint_300K
0.1815,1.7917332372005963,W3_joint_300K
0.18225,0.45326359694888224,W3_joint_300K
0.183,-1.0338255493429718,W3_joint_300K
0.18375,-2.317020369976136,W3_joint_300K
0.1845,-3.138880920760946,W3_joint_300K
0.18525,-3.2487559746142765,W3_joint_300K
0.186,-2.6502625750022264,W3_joint_300K
0.18675,-1.4645172614779642,W3_joint_300K
0.1875,-0.09557899289319413,W3_joint_300K
0.18825,1.2183256982241157,W3_joint_300K
0.189,2.213903966227106,W3_joint_300K
0.18975,2.754568379252618,W3_joint_300K
0.1905,2.726463002858658,W3_joint_300K
0.19125,2.2067212226231723,W3_joint_300K
0.192,1.2330834586412103,W3_joint_300K
0.19275,-0.005773658357891609,W3_joint_300K
0.1935,-1.2810058297234956,W3_joint_300K
0.19425,-2.29775325880272,W3_joint_300K
0.195,-2.82950215686283,W3_joint_300K
0.19575,-2.747163355393868,W3_joint_300K
0.1965,-2.058790044402003,W3_joint_300K
0.19725,-0.9711415342598808,W3_joint_300K
0.198,0.24912450955986518,W3_joint_300K
0.19875,1.3706443424956032,W3_joint_300K
0.1995,2.1695716931244253,W3_joint_300K
0.20025,2.564984821034668,W3_joint_300K
0.201,2.5207209410782063,W3_joint_300K
0.20175,2.017476951958675,W3_joint_300K
0.2025,1.1724380052651546,W3_joint_300K
0.20325,0.12085883450770663,W3_joint_300K
0.204,-0.9515903648968955,W3_joint_300K
0.20475,-1.8560493247285355,W3_joint_300K
0.2055,-2.3257546363074697,W3_joint_300K
0.20625,-2.32639145513117,W3_joint_300K
0.207,-1.8276642581644793,W3_joint_300K
0.20775,-0.9720458407119974,W3_joint_300K
0.2085,0.0334750873594186,W3_joint_300K
0.20925,0.9865516632974625,W3_joint_300K
0.21,1.7484362907900226,W3_joint_300K
0.21075,2.145751154446726,W3_joint_300K
0.2115,2.15145885258364,W3_joint_300K
0.21225,1.802139635385224,W3_joint_300K
0.213,1.0951324537575378,W3_joint_300K
0.21375,0.18084029840938784,W3_joint_300K
0.2145,-0.7520593986385441,W3_joint_300K
0.21525,-1.546428325313724,W3_joint_300K
0.216,-2.030178566381922,W3_joint_300K
0.21675,-2.03837706724118,W3_joint_300K
0.2175,-1.6139890025409862,W3_joint_300K
0.21825,-0.9002726662087623,W3_joint_300K
0.219,-0.04068920924681026,W3_joint_300K
0.21975,0.8118636544958477,W3_joint_300K
0.2205,1.4682838092228239,W3_joint_300K
0.22125,1.8079721657919279,W3_joint_300K
0.222,1.8380525305215059,W3_joint_300K
0.22275,1.540604346251763,W3_joint_300K
0.2235,0.9462991144693204,W3_joint_300K
0.22425,0.17986562101070627,W3_joint_300K
0.225,-0.6393858474487877,W3_joint_300K
0.22575,-1.3283491845636175,W3_joint_300K
0.2265,-1.7360819094323408,W3_joint_300K
0.22725,-1.7638601081284029,W3_joint_300K
0.228,-1.4318083893069407,W3_joint_300K
0.22875,-0.7966459637122647,W3_joint_300K
0.2295,-0.025906845018384715,W3_joint_300K
0.23025,0.7167720462258373,W3_joint_300K
0.231,1.3116117917905585,W3_joint_300K
0.23175,1.646595807361512,W3_joint_300K
0.2325,1.668403806065958,W3_joint_300K
0.23325,1.393607834057907,W3_joint_300K
0.234,0.852963561073725,W3_joint_300K
0.23475,0.13866946979383696,W3_joint_300K
0.2355,-0.599562480984351,W3_joint_300K
0.23625,-1.213288002387387,W3_joint_300K
0.237,-1.5757531220576162,W3_joint_300K
0.23775,-1.5895917778134325,W3_joint_300K
0.2385,-1.2675352778612519,W3_joint_300K
0.23925,-0.7116164688529624,W3_joint_300K
0.24,-0.03192715614031849,W3_joint_300K
0.24075,0.6231567116042215,W3_joint_300K
0.2415,1.1481349965517684,W3_joint_300K
0.24225,1.4301179301509677,W3_joint_300K
0.243,1.43416935247964,W3_joint_300K
0.24375,1.1602527320767109,W3_joint_300K
0.2445,0.6929558420370711,W3_joint_300K
0.24525,0.06415742537989302,W3_joint_300K
0.246,-0.586454100897765,W3_joint_300K
0.24675,-1.1119445922861608,W3_joint_300K
0.2475,-1.3966605650980257,W3_joint_300K
0.24825,-1.4014051047742813,W3_joint_300K
0.249,-1.1354000052915914,W3_joint_300K
0.24975,-0.6198028721266351,W3_joint_300K
0.2505,-0.011128965598937102,W3_joint_300K
0.25125,0.5690427209057368,W3_joint_300K
0.252,1.0312140718548783,W3_joint_300K
0.25275,1.2893116788287222,W3_joint_300K
0.2535,1.2695669702822938,W3_joint_300K
0.25425,1.0205939543299616,W3_joint_300K
0.255,0.5861790648658471,W3_joint_300K
0.25575,0.02809460405437103,W3_joint_300K
0.2565,-0.553593740681827,W3_joint_300K
0.25725,-0.9930087823035226,W3_joint_300K
0.258,-1.2368879253453486,W3_joint_300K
0.25875,-1.2286339636434473,W3_joint_300K
0.2595,-0.9736096497863704,W3_joint_300K
0.26025,-0.5035088908730778,W3_joint_300K
0.261,0.04278831045173028,W3_joint_300K
0.26175,0.5871858898754523,W3_joint_300K
0.2625,0.9835090218703717,W3_joint_300K
0.26325,1.2056919875350407,W3_joint_300K
0.264,1.1838785903652929,W3_joint_300K
0.26475,0.9347771405145302,W3_joint_300K
0.2655,0.5017590131739439,W3_joint_300K
0.26625,-0.023711931586756087,W3_joint_300K
0.267,-0.534800055317158,W3_joint_300K
0.26775,-0.9351306814854048,W3_joint_300K
0.2685,-1.1199930863442824,W3_joint_300K
0.26925,-1.0840569094712555,W3_joint_300K
0.27,-0.7995972092318684,W3_joint_300K
0.27075,-0.3865919435007895,W3_joint_300K
0.2715,0.11039652659023243,W3_joint_300K
0.27225,0.5536369103293687,W3_joint_300K
0.273,0.8991618865017983,W3_joint_300K
0.27375,1.0572058257683192,W3_joint_300K
0.2745,1.0063402489246727,W3_joint_300K
0.27525,0.7688406568772308,W3_joint_300K
0.276,0.37325672777022617,W3_joint_300K
0.27675,-0.08764704374890178,W3_joint_300K
0.2775,-0.5435270990098822,W3_joint_300K
0.27825,-0.8737148911746203,W3_joint_300K
0.279,-1.0147125014598273,W3_joint_300K
0.27975,-0.9464066733861525,W3_joint_300K
0.2805,-0.6824787300211846,W3_joint_300K
0.28125,-0.2817648674526776,W3_joint_300K
0.282,0.1558941143930818,W3_joint_300K
0.28275,0.5620585277591663,W3_joint_300K
0.2835,0.8483936163053484,W3_joint_300K
0.28425,0.9602197925557008,W3_joint_300K
0.285,0.8909368894280887,W3_joint_300K
0.28575,0.661948907636238,W3_joint_300K
0.2865,0.2751347633644978,W3_joint_300K
0.28725,-0.16008068044638218,W3_joint_300K
0.288,-0.5624616415658845,W3_joint_300K
0.28875,-0.8415600146642694,W3_joint_300K
0.2895,-0.9423316209484615,W3_joint_300K
0.29025,-0.8291228561247568,W3_joint_300K
0.291,-0.5492809715250436,W3_joint_300K
0.29175,-0.1581661629786036,W3_joint_300K
0.2925,0.24495912329361977,W3_joint_300K
0.29325,0.587734198813071,W3_joint_300K
0.294,0.7989826570084462,W3_joint_300K
0.29475,0.8562357705456589,W3_joint_300K
0.2955,0.7502324660589466,W3_joint_300K
0.29625,0.5088737670827178,W3_joint_300K
0.297,0.160992771079686,W3_joint_300K
0.29775,-0.20942817198775582,W3_joint_300K
0.2985,-0.5353840989424438,W3_joint_300K
0.29925,-0.7276155330577767,W3_joint_300K
0.3,-0.8876535784461366,W3_joint_300K