strain,stress_z_GPa,stress_x_GPa,stress_y_GPa,temp_K,pe_eV_atom,lx,ly,lz
0.0,-1.07865608056316,-1.05156378795238,-1.12007874044513,298.436055738215,-8.36482172333944,42.6,42.6,170.4
0.000749999999999878,-0.855888541359497,-0.995679061740224,-1.05216197864253,301.2111774424,-8.36455436408667,42.6,42.6,170.5278
0.00150000000000009,-0.757572062936711,-0.906248158914459,-0.991386293557598,297.602212520985,-8.36439858262029,42.6,42.6,170.6556
0.00224999999999997,-0.580086537096489,-0.801587797340851,-0.854162701672065,298.104590874912,-8.36471788966241,42.6,42.6,170.7834
0.00299999999999985,-0.452952704297222,-0.751606747556343,-0.743719094515626,300.694918227839,-8.36433516764868,42.6,42.6,170.9112
0.00375000000000006,-0.306236420115662,-0.624438058721112,-0.676438362053171,298.242203655831,-8.364709800452,42.6,42.6,171.039
0.00449999999999994,-0.160720288328983,-0.571654599385684,-0.609955402715277,299.657038385727,-8.36439815377997,42.6,42.6,171.1668
0.00525000000000015,-0.0108800837653774,-0.51853867427535,-0.488326461845186,302.497640238988,-8.36427484594655,42.6,42.6,171.2946
0.00600000000000003,0.131879859647276,-0.421548268042588,-0.449904112655455,298.533546901546,-8.36416609222447,42.6,42.6,171.4224
0.00674999999999991,0.298887075866721,-0.286777095751624,-0.36038640919014,301.468334238232,-8.36415321222833,42.6,42.6,171.5502
0.00750000000000012,0.428348352422413,-0.379288438566051,-0.26132512491976,352.640658862022,-8.36450955813356,42.6,42.6,171.678
0.00825,0.755582278204085,-0.0842445184122136,-0.00794426375747039,307.288372940387,-8.36666807977642,42.6,42.6,171.8058
0.00899999999999987,0.881664141554885,0.107037873493152,0.0574924957098056,290.286046134417,-8.36630569335146,42.6,42.6,171.9336
0.00975000000000008,0.84348699219699,-0.00199323603109642,-0.0712110492151127,299.08885175621,-8.36301045862227,42.6,42.6,172.0614
0.0105,0.958697200035958,0.0685721023313741,-0.0220941087625464,300.870777910193,-8.36263088622046,42.6,42.6,172.1892
0.0112499999999998,1.22718154723598,0.19012693581781,0.177349865376906,297.314551355083,-8.36356764298921,42.6,42.6,172.317
0.0120000000000001,1.26506330060546,0.23440776069869,0.17404013087417,302.968880565636,-8.3625483292632,42.6,42.6,172.4448
0.0127499999999999,1.37755730390562,0.249786681900039,0.233478123900394,297.360818975831,-8.36273341321086,42.6,42.6,172.5726
0.0135000000000001,1.49570305625531,0.423914988625392,0.364855422253915,300.366344847058,-8.36274913664413,42.6,42.6,172.7004
0.01425,1.69271559296921,0.536084544979718,0.514497682941673,302.638587902579,-8.36231613215969,42.6,42.6,172.8282
0.0149999999999999,1.80487549149779,0.579998908488017,0.486627363135963,299.5889234595,-8.36267709044406,42.6,42.6,172.956
0.0157500000000001,1.95326067075471,0.689375093882076,0.576359826583704,301.889480838949,-8.36188293120654,42.6,42.6,173.0838
0.0165,2.04851773826462,0.708628580087935,0.685099625793257,300.58620557529,-8.36202607825795,42.6,42.6,173.2116
0.0172499999999999,2.17377758307483,0.733910464271715,0.744409946904754,300.307314058249,-8.36182149147058,42.6,42.6,173.3394
0.0180000000000001,2.33119373910458,0.815888379467553,0.857916089043418,301.210195045285,-8.36118381780381,42.6,42.6,173.4672
0.01875,2.45062052411502,0.889532555191563,0.881155108867933,297.383745342316,-8.36118319259192,42.6,42.6,173.595
0.0194999999999998,2.55542374918766,0.968267797215233,0.872243574470967,302.51145355136,-8.36094773739919,42.6,42.6,173.7228
0.02025,2.77286736229142,1.0888097865607,1.03485535188115,300.398023279178,-8.36080221292459,42.6,42.6,173.8506
0.0209999999999999,2.83554029342261,1.17364521201457,1.05784466485534,300.567494920472,-8.36066991621926,42.6,42.6,173.9784
0.0217500000000001,2.9040160626194,1.11568879084353,1.21168777490366,301.812277025615,-8.36006191970772,42.6,42.6,174.1062
0.0225,3.01374105236695,1.29015867985362,1.15712176198311,298.766316053437,-8.36008716420281,42.6,42.6,174.234
0.0232499999999999,3.15359016267379,1.3100311573771,1.29157444594749,301.384734785364,-8.35971460998796,42.6,42.6,174.3618
0.0240000000000001,3.28803430043689,1.37424899923669,1.36198792995655,299.004199910729,-8.35928892133026,42.6,42.6,174.4896
0.02475,3.32717454376258,1.44403386745057,1.41822395977747,299.800470785755,-8.35922600359491,42.6,42.6,174.6174
0.0254999999999999,3.55355296475645,1.62100615813749,1.57405507716339,300.920801147792,-8.35882938244236,42.6,42.6,174.7452
0.0262500000000001,3.69956665288182,1.60809140257207,1.56466489211674,298.305387597428,-8.35845030915019,42.6,42.6,174.873
0.027,3.72404653939553,1.69043475487909,1.64065463202322,298.660117788145,-8.35809355188082,42.6,42.6,175.0008
0.02775,3.86443917172779,1.71852601164562,1.61197665674382,300.556871154946,-8.35777536611131,42.6,42.6,175.1286
0.0285,4.08526579136354,1.90730753252444,1.76313769630792,299.089638821281,-8.35778154564282,42.6,42.6,175.2564
0.0292499999999999,4.16840801016728,1.93443162393913,1.87809568325124,301.742853135363,-8.35735247181013,42.6,42.6,175.3842
0.0300000000000001,4.24118390820853,1.97449098505528,1.95254824259003,299.225932543935,-8.35699409142596,42.6,42.6,175.512
0.03075,4.37538016709421,2.11049067318667,2.02996258759565,297.742973469841,-8.35669841072488,42.6,42.6,175.6398
0.0314999999999999,4.49522101253995,2.13033832781926,2.10541991849304,299.450367808158,-8.35605368569146,42.6,42.6,175.7676
0.0322500000000001,4.63109254058125,2.16634010788825,2.15441163297872,299.927741704417,-8.35652779190812,42.6,42.6,175.8954
0.033,4.73091594634966,2.23564977069949,2.20858515524322,298.999007715873,-8.35533126846753,42.6,42.6,176.0232
0.0337499999999999,4.86872969035864,2.32014870761189,2.27187530129421,297.5682719974,-8.3552556487302,42.6,42.6,176.151
0.0345000000000001,4.97096112151408,2.375486554152,2.3985010424232,301.034386032922,-8.35479802658631,42.6,42.6,176.2788
0.0352499999999999,5.0683629053076,2.43583649089063,2.41183481211601,299.55415517847,-8.35466030699678,42.6,42.6,176.4066
0.036,5.12587011764557,2.52538479358865,2.45006848552624,300.902993630882,-8.3541610211536,42.6,42.6,176.5344
0.03675,5.33774813522744,2.5673664759142,2.51289295543139,298.403051062104,-8.35364161950971,42.6,42.6,176.6622
0.0374999999999999,5.41819555327911,2.64642002609933,2.5782419333101,301.104002824583,-8.35356798080501,42.6,42.6,176.79
0.0382500000000001,5.48426424769538,2.725603628168,2.62560986587613,298.533134245062,-8.35263187303914,42.6,42.6,176.9178
0.039,5.77478587959455,2.80644554515491,2.80933634282945,296.81350669926,-8.35299624315073,42.6,42.6,177.0456
0.0397499999999999,5.71768813776373,2.88166371484123,2.80626766202448,298.520926686723,-8.35228126637964,42.6,42.6,177.1734
0.0405000000000001,5.88934416515524,2.96241009997656,2.89010145171265,302.566360935859,-8.35172117071876,42.6,42.6,177.3012
0.04125,5.95817709909942,2.86447781212364,2.84106999350624,300.441243171603,-8.35060305922721,42.6,42.6,177.429
0.0419999999999999,6.06796818055225,2.9896664073437,3.0159694883644,298.490557025081,-8.35090832585768,42.6,42.6,177.5568
0.0427500000000001,6.20564847368647,3.10850199761674,3.00625557550336,300.78292616701,-8.34987503155581,42.6,42.6,177.6846
0.0434999999999999,6.26145490425369,3.1760697486146,3.18275122485309,298.433936409091,-8.3498481299063,42.6,42.6,177.8124
0.0442500000000002,6.42102880316197,3.25447297528222,3.19390453971889,301.841163931425,-8.34956322109356,42.6,42.6,177.9402
0.045,6.50754099555397,3.21854028995827,3.17144968054449,300.948605241994,-8.34897991104063,42.6,42.6,178.068
0.0457499999999999,6.61379095975697,3.29688753440429,3.26792909612787,297.912272855111,-8.34849902734315,42.6,42.6,178.1958
0.0465000000000001,6.72238979146363,3.4283030286208,3.38288545978268,300.769055724088,-8.34795512669862,42.6,42.6,178.3236
0.04725,6.82713672973953,3.48545460414642,3.42271850881696,297.723688913974,-8.34773698847504,42.6,42.6,178.4514
0.0479999999999999,6.94355305787825,3.48965120578583,3.5036321695792,300.592103815148,-8.34702030697079,42.6,42.6,178.5792
0.0487500000000001,7.0767051079178,3.64174018243376,3.54486365681968,299.842814374548,-8.34664581264743,42.6,42.6,178.707
0.0495,7.16493769788433,3.64013851160449,3.63749438209214,300.285489853892,-8.34629910206659,42.6,42.6,178.8348
0.0502499999999999,7.26649621872372,3.72872277030169,3.64288527394143,344.115071859755,-8.34553184055127,42.6,42.6,178.9626
0.0510000000000001,7.47613120904797,3.85452841828215,3.79859756318095,301.666249446911,-8.34565857179172,42.6,42.6,179.0904
0.0517499999999999,7.51273975218074,3.8632719012857,3.90357418725127,296.426992992188,-8.34466201834427,42.6,42.6,179.2182
0.0525000000000002,7.53025951281053,3.90069902949462,3.86927163175406,301.536005936364,-8.34357650443516,42.6,42.6,179.346
0.05325,7.69014227891606,3.99122438734497,4.04420402343617,297.421849982399,-8.34410477321757,42.6,42.6,179.4738
0.0539999999999999,7.72919924624151,4.05562727180666,4.00424014900292,301.562336189434,-8.34312558426731,42.6,42.6,179.6016
0.0547500000000001,7.91797704734227,4.0879796019039,4.04040073222745,300.695946295048,-8.34267571404282,42.6,42.6,179.7294
0.0555,7.96303207505564,4.21697314187512,4.1885740903623,298.636485963914,-8.34236626129211,42.6,42.6,179.8572
0.0562499999999999,8.06202365889973,4.20479379608968,4.18211021930949,300.71450249978,-8.34148735231473,42.6,42.6,179.985
0.0570000000000001,8.14742581675337,4.2619528951415,4.26243098708394,298.467768659939,-8.34128988768471,42.6,42.6,180.1128
0.05775,8.36460217650181,4.42811698793703,4.38505021864184,301.380063223282,-8.34082845775353,42.6,42.6,180.2406
0.0584999999999998,8.42993478854875,4.47588913899482,4.42474186929399,302.717726285987,-8.34033884354685,42.6,42.6,180.3684
0.0592500000000001,8.53862255166396,4.47532640690736,4.43761358542689,298.921424722462,-8.33976372122991,42.6,42.6,180.4962
0.0599999999999999,8.59613791299327,4.56831383963325,4.5301989838341,300.78889096471,-8.33884502024705,42.6,42.6,180.624
0.0607500000000002,8.66957826224472,4.56077931579497,4.56982252632311,300.414628737437,-8.33863912805521,42.6,42.6,180.7518
0.0615,8.79372741188425,4.73022880039547,4.6539852466123,300.048860497928,-8.33786584589711,42.6,42.6,180.8796
0.0622499999999999,8.89309616841924,4.72046976776167,4.75302753443225,301.235096675889,-8.33732137430009,42.6,42.6,181.0074
0.0630000000000001,9.01439240159541,4.80328307843829,4.78079276902693,296.198802909639,-8.33705140138605,42.6,42.6,181.1352
0.06375,9.05559520070542,4.81732810810371,4.85581569183184,299.520296861515,-8.33612246802189,42.6,42.6,181.263
0.0644999999999999,9.18250897324289,4.93624625132995,4.93389344604295,301.03916335783,-8.33539346520242,42.6,42.6,181.3908
0.0652500000000001,9.24362389985723,4.99289503715086,4.92386844611602,298.578956593509,-8.33524782425033,42.6,42.6,181.5186
0.066,9.35457094750564,5.11094968865237,5.07121811743454,302.558348739452,-8.33460596911483,42.6,42.6,181.6464
0.06675,9.44544152217459,5.12007488771658,5.05205762770083,300.591727746548,-8.33399354074346,42.6,42.6,181.7742
0.0675000000000001,9.60355491902338,5.16160506414471,5.20716239479651,297.82943264005,-8.3332416264197,42.6,42.6,181.902
0.0682499999999999,9.64178254026981,5.26001306761193,5.23573122619413,300.498315607599,-8.3324129952313,42.6,42.6,182.0298
0.0690000000000001,9.77891916855386,5.35754927647927,5.32686239836696,298.040545517182,-8.332265784354,42.6,42.6,182.1576
0.06975,9.82084777588858,5.32932893477999,5.3209951695892,297.703930695351,-8.33120313441063,42.6,42.6,182.2854
0.0704999999999999,9.90685489170438,5.38030957597842,5.37687520490682,301.807119305643,-8.33075784508671,42.6,42.6,182.4132
0.0712500000000001,10.0258909914871,5.51496689267882,5.50128101956844,300.250241736341,-8.33002813383585,42.6,42.6,182.541
0.072,10.0455762998409,5.54520728809508,5.52068860542272,299.08676978183,-8.32964278371471,42.6,42.6,182.6688
0.0727499999999999,10.1324780771378,5.68296176205066,5.61425821031699,300.626051901568,-8.32873515022192,42.6,42.6,182.7966
0.0735000000000001,10.2631026730711,5.68676767739971,5.69341981015831,296.71025920837,-8.32823611558771,42.6,42.6,182.9244
0.07425,10.3082709439508,5.7600013128246,5.67663753894669,299.447325459865,-8.32749529731729,42.6,42.6,183.0522
0.075,10.4614357144492,5.8322451481398,5.77858080793435,300.410957823552,-8.32682986167218,42.6,42.6,183.18
0.0757500000000001,10.523430610283,5.89236275219021,5.80575614021028,298.629685116534,-8.32651256989918,42.6,42.6,183.3078
0.0764999999999999,10.5733579578104,5.90885142744556,5.87743735377063,299.574301750514,-8.32528098157109,42.6,42.6,183.4356
0.0772500000000001,10.6328492746887,6.01205725239344,5.95576346635008,297.625292515656,-8.32479670375181,42.6,42.6,183.5634
0.078,10.6888204298592,6.0914949230886,5.96321947060926,299.443216057758,-8.32407897180096,42.6,42.6,183.6912
0.0787499999999999,10.7924065018623,6.13958603287676,6.09391604671934,298.668085233146,-8.32331411697416,42.6,42.6,183.819
0.0795000000000001,10.9005103977005,6.23601576470941,6.17858866172649,299.842867999238,-8.3232423187453,42.6,42.6,183.9468
0.08025,10.9311382903964,6.21579609833605,6.18189615092043,300.045946647855,-8.32199559132471,42.6,42.6,184.0746
0.0809999999999999,11.0388984237532,6.37634358095764,6.27814482635754,299.167885312252,-8.3218072644117,42.6,42.6,184.2024
0.0817500000000001,11.0647359458802,6.37303589710263,6.33439519454092,302.421646753195,-8.32081126406107,42.6,42.6,184.3302
0.0824999999999999,11.1828050229698,6.40754634641317,6.40883264027252,299.365465433711,-8.32029286138866,42.6,42.6,184.458
0.08325,11.2935040462132,6.4790364718797,6.46509614901227,299.54280964332,-8.31915888648686,42.6,42.6,184.5858
0.084,11.2361976730723,6.56352872925695,6.53282640392412,299.124357054061,-8.31852890115082,42.6,42.6,184.7136
0.0847499999999999,11.3151805729883,6.61806481378383,6.60335036718537,298.176373957092,-8.31777365400196,42.6,42.6,184.8414
0.0855000000000001,11.4432346060649,6.71170887072489,6.66166487282525,301.007462490492,-8.31707116803857,42.6,42.6,184.9692
0.08625,11.5277246483394,6.80039382016072,6.70408430628516,297.169703987918,-8.3166274081626,42.6,42.6,185.097
0.0869999999999999,11.5191530973228,6.79316791271025,6.73883474413765,298.685873707125,-8.31540524183589,42.6,42.6,185.2248
0.0877500000000001,11.6260247874067,6.83263279464314,6.80280700918957,299.096761929233,-8.31475309583093,42.6,42.6,185.3526
0.0885,11.5787930784383,6.88839721362738,6.76394214496468,300.060285988276,-8.31419381296542,42.6,42.6,185.4804
0.0892499999999999,11.7160667588799,6.917572063112,6.94388495772364,299.468896289808,-8.3132898737971,42.6,42.6,185.6082
0.0900000000000001,11.7450599375025,6.9480606635643,6.93495638176141,300.363086072365,-8.31255707695907,42.6,42.6,185.736
0.09075,11.8645962778845,7.10535537034431,7.03913000251197,297.019250966957,-8.31204905142806,42.6,42.6,185.8638
0.0915,11.824856976209,7.0448540747665,7.04220332510085,300.292920847803,-8.31112678585703,42.6,42.6,185.9916
0.09225,12.0180934204877,7.18395469122664,7.10953035076483,299.893299443467,-8.31086273586025,42.6,42.6,186.1194
0.0929999999999999,12.0062891367968,7.18579571893935,7.19727074049001,301.559763997248,-8.30979583711751,42.6,42.6,186.2472
0.0937500000000001,12.0887811231015,7.32513843585637,7.24280365881813,300.028788289177,-8.30902635429977,42.6,42.6,186.375
0.0945,12.1446982791795,7.38983501730126,7.33673716573884,300.297846139631,-8.30849893518809,42.6,42.6,186.5028
0.0952499999999999,12.1940658462716,7.38526424989574,7.35520147021828,298.133566651222,-8.30709022613981,42.6,42.6,186.6306
0.0960000000000001,12.2187365308147,7.47295810592461,7.42828555105241,295.919635225281,-8.30652142500173,42.6,42.6,186.7584
0.09675,12.3281094535785,7.49906048621976,7.48393437137993,299.985361376137,-8.30562090163515,42.6,42.6,186.8862
0.0974999999999999,12.3782243440678,7.57610942280318,7.52996016683721,298.292301432631,-8.30528216059897,42.6,42.6,187.014
0.0982500000000001,12.3348789513296,7.58256376178776,7.57223633308145,298.507977858844,-8.30406872613266,42.6,42.6,187.1418
0.0989999999999999,12.4126888392444,7.70485329207665,7.65365644491796,299.739509110629,-8.30352756329619,42.6,42.6,187.2696
0.09975,12.5658032461774,7.77170365590095,7.71678273351216,300.068838060949,-8.30312392375046,42.6,42.6,187.3974
0.1005,12.4979432286319,7.79814767361692,7.76818086757569,301.297043519202,-8.30192257743275,42.6,42.6,187.5252
0.10125,12.5953850425196,7.92734061508646,7.84431890493483,297.304439067405,-8.30147632708324,42.6,42.6,187.653
0.102,12.6095823618953,7.91431681879783,7.90331720463099,300.011640022284,-8.3003993224585,42.6,42.6,187.7808
0.10275,12.6214328687375,8.04766930570146,7.97266424521205,301.79552152458,-8.29955727816725,42.6,42.6,187.9086
0.1035,12.7104496225414,8.06945899409609,7.97801507273695,297.755030264996,-8.29893594460211,42.6,42.6,188.0364
0.10425,12.7239522652537,8.01940628108916,8.04324155585057,302.283259186775,-8.29812145848367,42.6,42.6,188.1642
0.105,12.7470362574147,8.15030738353748,8.13170285216362,300.699441379514,-8.29751259570201,42.6,42.6,188.292
0.10575,12.7299988722309,8.19147321385359,8.03578537801965,300.744607242073,-8.29638498466697,42.6,42.6,188.4198
0.1065,12.8157489436004,8.24898028593498,8.22788952727917,299.959114134985,-8.29581838454316,42.6,42.6,188.5476
0.10725,12.8321454697213,8.33224811582203,8.25905858390319,299.423463211695,-8.29506929790871,42.6,42.6,188.6754
0.108,12.9162908580949,8.37472876402302,8.2983643247143,301.838482980408,-8.2942293292029,42.6,42.6,188.8032
0.10875,12.9808527149242,8.42465593405561,8.38551767156584,302.812920425213,-8.29310590618016,42.6,42.6,188.931
0.1095,12.9501205830082,8.48041562533644,8.46292673156796,300.676428699187,-8.29274306755967,42.6,42.6,189.0588
0.11025,12.9501768064683,8.51781132601327,8.43752595127498,301.151039194142,-8.29147116018424,42.6,42.6,189.1866
0.111,12.9568139053785,8.54279536750351,8.49768601216483,298.488537097168,-8.29116394183565,42.6,42.6,189.3144
0.11175,12.97800487026,8.62337436947037,8.54728982403179,300.725261192593,-8.29014185915777,42.6,42.6,189.4422
0.1125,13.0614112527805,8.7112037167171,8.62123474037618,298.074034941379,-8.28932617613782,42.6,42.6,189.57
0.11325,13.1271739254542,8.74383935187339,8.68357285539217,298.100957431201,-8.28871746941075,42.6,42.6,189.6978
0.114,13.1031430152297,8.76374477727761,8.68890255631818,302.428385078486,-8.28802176432146,42.6,42.6,189.8256
0.11475,13.0863259756432,8.81193565523263,8.77513121985394,303.367843147319,-8.28714414240604,42.6,42.6,189.9534
0.1155,13.149296300289,8.88641851317012,8.85172766082882,299.277421646118,-8.28640657760544,42.6,42.6,190.0812
0.11625,13.1361055604536,8.88322388120975,8.90033222963664,299.799831037299,-8.28507988044556,42.6,42.6,190.209
0.117,13.190826516263,8.95506175981761,8.88892485264997,299.608481782169,-8.28469631232396,42.6,42.6,190.3368
0.11775,13.1899713183632,9.02509071289919,8.9952613486988,297.921095111484,-8.28385743151596,42.6,42.6,190.4646
0.1185,13.1232752651649,9.0566166791121,9.05143976148176,302.787046988745,-8.28316416728842,42.6,42.6,190.5924
0.11925,13.1983538898975,9.09917081865558,9.04594619174368,298.545687889175,-8.28249054634331,42.6,42.6,190.7202
0.12,13.2255782090112,9.13276696120893,9.08289612910671,300.681250189351,-8.28128482690771,42.6,42.6,190.848
0.12075,13.266668840663,9.22877823062878,9.15968606130968,299.574268399993,-8.28091114586715,42.6,42.6,190.9758
0.1215,13.1993718337474,9.23783409146588,9.18272736772433,301.513019481539,-8.27971050237465,42.6,42.6,191.1036
0.12225,13.3010574712522,9.2905606782829,9.26481601060043,299.456997092645,-8.27924778815198,42.6,42.6,191.2314
0.123,13.2236834520791,9.32934011834084,9.33357099136616,300.316018201385,-8.2784215793416,42.6,42.6,191.3592
0.12375,13.2647241266227,9.44239679128121,9.36796942246099,300.439843007984,-8.27755640064546,42.6,42.6,191.487
0.1245,13.2382998537236,9.50297936400404,9.43730082856542,299.802740757041,-8.27715267885577,42.6,42.6,191.6148
0.12525,13.1801892304,9.40653555530444,9.41785439152562,301.133171043838,-8.27613884537877,42.6,42.6,191.7426
0.126,13.253295267497,9.497595691618,9.42745350165499,300.150976409441,-8.27528358978243,42.6,42.6,191.8704
0.12675,13.3103010562755,9.56642430101149,9.5376699578432,300.247369294651,-8.27520927695874,42.6,42.6,191.9982
0.1275,13.3441207447223,9.59755932678587,9.53082647722536,303.001289055929,-8.27398288730779,42.6,42.6,192.126
0.12825,13.3175526235151,9.65666011612734,9.6449491647082,298.888110472177,-8.27337090232149,42.6,42.6,192.2538
0.129,13.2801853720535,9.67081947153265,9.66546567202621,307.506952304751,-8.27213378371143,42.6,42.6,192.3816
0.12975,13.3079991630436,9.73073643480235,9.6763907941499,298.509878653412,-8.27197551963865,42.6,42.6,192.5094
0.1305,13.2398047723204,9.66863343613843,9.68549973040035,299.64893050638,-8.27049914875795,42.6,42.6,192.6372
0.13125,13.34588783591,9.78205349560494,9.77151899367807,299.666628017218,-8.27011940685561,42.6,42.6,192.765
0.132,13.3542647140139,9.8598558214593,9.78936712028952,299.383231840408,-8.26929945950916,42.6,42.6,192.8928
0.13275,13.3310402377872,9.82385768350149,9.82593702690117,301.141715805775,-8.26844984700171,42.6,42.6,193.0206
0.1335,13.3200757659574,9.88938049637219,9.81602475621121,299.072259135966,-8.26802077684549,42.6,42.6,193.1484
0.13425,13.3863791935322,9.92372566637381,9.95937399043815,301.309180507297,-8.26687349300021,42.6,42.6,193.2762
0.135,13.3935383875179,9.98634299845189,9.97147935058556,299.535059990152,-8.26633399921364,42.6,42.6,193.404
0.13575,13.3273841458343,10.0165014170167,9.99318153490749,300.502881748367,-8.26571146182461,42.6,42.6,193.5318
0.1365,13.3535453609005,10.1029184474358,10.099230699665,300.811527803622,-8.26485914102093,42.6,42.6,193.6596
0.13725,13.3777276526636,10.1331523441189,10.0621918136853,301.378588245492,-8.26465805483619,42.6,42.6,193.7874
0.138,13.4021489457431,10.1134279664662,10.0651010790169,300.803204335099,-8.26324777664385,42.6,42.6,193.9152
0.13875,13.4305774842757,10.1391011791894,10.1307213235403,299.249283217866,-8.26313669179678,42.6,42.6,194.043
0.1395,13.3815568951099,10.3984544757578,9.69476313668013,627.672944210139,-8.26733454105473,42.6,42.6,194.1708
0.14025,14.1660995597307,10.8872345732208,10.5648854979272,381.906557072535,-8.27515221306601,42.6,42.6,194.2986
0.141,14.319854716862,11.0555386084884,10.9045462269329,291.817255958351,-8.27803430292674,42.6,42.6,194.4264
0.14175,14.1252632055454,10.9726453823079,10.8727375846348,305.342266212549,-8.27553691688464,42.6,42.6,194.5542
0.1425,14.229565762903,11.0397415042762,10.96132723059,284.973147313645,-8.27431820335103,42.6,42.6,194.682
0.14325,14.1567285609849,10.9887863111303,10.8979318771365,309.478080916453,-8.27138767934983,42.6,42.6,194.8098
0.144,14.1237722687781,11.0094463944828,10.9119517736085,293.194981977457,-8.27034520364227,42.6,42.6,194.9376
0.14475,14.1357837328928,10.9961599718795,10.9346383986477,303.933864032934,-8.26808924036233,42.6,42.6,195.0654
0.1455,14.0655412983663,11.0652639641205,10.9902775024172,302.410467578483,-8.26707433770843,42.6,42.6,195.1932
0.14625,14.1835335390771,11.1296492251556,10.9943316715996,286.413891394658,-8.26769611278197,42.6,42.6,195.321
0.147,14.0984445908057,11.0978120430105,10.9765482596291,304.803659433089,-8.26490829170558,42.6,42.6,195.4488
0.14775,14.1106586567652,11.1385712859341,11.0239794661979,295.153151457413,-8.26346192131689,42.6,42.6,195.5766
0.1485,14.0751285621986,11.0415952274527,10.9799491390768,302.718389063074,-8.26108640633285,42.6,42.6,195.7044
0.14925,14.0083105195799,11.0384097907685,10.9355606296329,296.510157360218,-8.25872548764608,42.6,42.6,195.8322
0.15,14.0912834065057,10.9844446395897,10.9913572596387,298.052401422224,-8.25707603999448,42.6,42.6,195.96
0.15075,13.8955327512818,10.9406358767461,10.8954647938806,304.608166978268,-8.25448928203215,42.6,42.6,196.0878
0.1515,13.8873561649633,10.9980246099399,10.907073336274,295.116753807727,-8.25398606983838,42.6,42.6,196.2156
0.15225,13.901164181428,11.0575573934759,11.0427689154455,309.534781935437,-8.25393753639265,42.6,42.6,196.3434
0.153,13.9602984432441,11.0314166906751,11.0407238136058,293.583263393794,-8.25434790616876,42.6,42.6,196.4712
0.15375,13.9513174776032,10.9739940872834,11.0066133508853,309.885184888813,-8.25158438494182,42.6,42.6,196.599
0.1545,13.9842188579736,11.1084195626437,11.0364558309336,288.93396135211,-8.2517702299396,42.6,42.6,196.7268
0.15525,13.8576154570723,11.0072219551483,11.0790966749944,306.432334511637,-8.24989107547129,42.6,42.6,196.8546
0.156,13.8102944363193,11.0074206175724,11.0100256215892,298.331427694609,-8.2497564494112,42.6,42.6,196.9824
0.15675,13.7910147014227,11.0044556907717,10.9502576329146,296.702639139487,-8.24893674717316,42.6,42.6,197.1102
0.1575,13.5868720557108,10.8525577025791,10.8233092490916,305.16851937009,-8.24699140832851,42.6,42.6,197.238
0.15825,13.6330047260309,10.8438182843397,10.7847691951796,297.831403319168,-8.24755582271097,42.6,42.6,197.3658
0.159,13.4095701996541,10.7171155493443,10.6762558430813,301.739196200415,-8.24532200447652,42.6,42.6,197.4936
0.15975,13.3655924173932,10.6053287291576,10.6323012426504,302.400524641644,-8.24502096399677,42.6,42.6,197.6214
0.1605,13.1940860833783,10.3923473277739,10.4107768898372,298.711299467066,-8.24634858620102,42.6,42.6,197.7492
0.16125,13.0364561051752,10.2933353464811,10.1785467590848,322.730915455926,-8.2514895411282,42.6,42.6,197.877
0.162,12.5484715689679,9.72423029706187,9.77304820113872,296.764385308515,-8.25645119979378,42.6,42.6,198.0048
0.16275,11.4882017311195,8.72367776978584,8.81539001567497,312.663090444743,-8.26348254034125,42.6,42.6,198.1326
0.1635,9.91046083139104,7.42222253769237,7.42047811445412,337.830291356734,-8.27844629301903,42.6,42.6,198.2604
0.16425,8.16256509903085,5.98705145874106,5.9723478410267,361.823022969265,-8.2965099640808,42.6,42.6,198.3882
0.165,6.37948469675604,4.52877827875441,4.47791998595557,373.182096849311,-8.31818293011918,42.6,42.6,198.516
0.16575,4.14784515653743,3.01156303575004,2.9431559822328,356.697495145417,-8.33646854217704,42.6,42.6,198.6438
0.1665,1.99706035514963,1.62543384940615,1.55366214261975,332.366934363701,-8.34917890101165,42.6,42.6,198.7716
0.16725,-0.606691527763741,0.14000887214969,0.0303919834533864,300.32827610941,-8.35704232522021,42.6,42.6,198.8994
0.168,-3.54566349452268,-1.52681453104176,-1.51094394058104,289.325146885376,-8.35527533026304,42.6,42.6,199.0272
0.16875,-6.40572797286659,-3.11457519770662,-3.1826000589326,291.198419402063,-8.34697346414642,42.6,42.6,199.155
0.1695,-7.43213021856244,-3.68323808886059,-3.78067631807534,298.085247910202,-8.33939736017305,42.6,42.6,199.2828
0.17025,-6.4659809072969,-3.27824009754545,-3.41390064043958,316.926109932029,-8.34071469707321,42.6,42.6,199.4106
0.171,-4.12326005919629,-2.02445740354749,-2.01606630920346,312.122488917792,-8.35099929112048,42.6,42.6,199.5384
0.17175,-1.45629467275105,-0.686384845435925,-0.629142560122546,300.493005996126,-8.35885290257611,42.6,42.6,199.6662
0.1725,1.01229605038721,0.685935779766019,0.68079348829914,291.368734465411,-8.35848086721045,42.6,42.6,199.794
0.17325,2.96010675606256,1.77048923062239,1.69932941152253,296.781492699218,-8.35229753109579,42.6,42.6,199.9218
0.174,4.53887219876876,2.55705995013341,2.55436597841163,294.368055554736,-8.34484152666428,42.6,42.6,200.0496
0.17475,5.16202495066811,2.83624292194949,2.88981494776289,298.708695498872,-8.33826733594922,42.6,42.6,200.1774
0.1755,4.99348231615649,2.75082387999296,2.72601379785184,307.842192909784,-8.33720671905492,42.6,42.6,200.3052
0.17625,4.35231222695196,2.48815272262304,2.40487082920507,304.250847287792,-8.34333779373811,42.6,42.6,200.433
0.177,3.06905514599886,1.7880167398217,1.77569406559582,305.725424606748,-8.35123007566165,42.6,42.6,200.5608
0.17775,1.20058135586003,0.887664507809225,0.829440681669632,301.252874316299,-8.35799423210889,42.6,42.6,200.6886
0.1785,-1.13471948527567,-0.484298868464562,-0.536297236369906,295.489832704255,-8.36084301212905,42.6,42.6,200.8164
0.17925,-3.38626856156392,-1.63518287586938,-1.72756798511503,298.241580768134,-8.35726567519924,42.6,42.6,200.9442
0.18,-4.89269004114493,-2.53137571746279,-2.54672055768731,297.118969127273,-8.35138557769797,42.6,42.6,201.072
0.18075,-5.33324311012613,-2.7962746438401,-2.84025039552611,305.412663148105,-8.34716019236046,42.6,42.6,201.1998
0.1815,-4.47494115800066,-2.34583053097477,-2.35382790458903,306.067531580435,-8.35021409724482,42.6,42.6,201.3276
0.18225,-2.78469009779042,-1.44849338787851,-1.48827702619799,299.921523088538,-8.35651204093794,42.6,42.6,201.4554
0.183,-0.561402348422789,-0.254720819761088,-0.267409679585682,296.055178251426,-8.35927283055875,42.6,42.6,201.5832
0.18375,1.46482685606883,0.901619948310942,0.82061903851225,298.792146735065,-8.35653859294806,42.6,42.6,201.711
0.1845,2.9616709672781,1.67397807770384,1.60766432918414,297.843752013565,-8.35150810115688,42.6,42.6,201.8388
0.18525,-26.5406044669276,2.11861812133587,-87.0637284196166,39405.503277778,-8.35139793199404,42.6,42.6,201.9666
0.186,4.88396913263447,3.46957186958172,2.7770889868044,312.710979976935,-8.38167984126687,42.6,42.6,202.0944
